date,campaign,ad_group,impressions,clicks,conversions,cost_usd,conversion_value
2026-07-31,NonBrand_Prospecting,Prospecting_Generic,18665.0,506.0,15,559.72,1489.79
2026-07-02,NonBrand_Prospecting,Prospecting_Competitor,18908.0,282.0,1,410.21,99.6
2026-07-05,NonBrand_Prospecting,Prospecting_Competitor,,178.0,5,281.71,533.72
2026-08-19,Remarketing_Dynamic,Remarketing_Purchasers,18430.0,566.0,21,569.26,3774.32
2026-09-10,NonBrand_Prospecting,Prospecting_Generic,10219.0,315.0,10,377.86,1056.72
2026-07-22,Brand_Search,Brand_Expanded,16564.0,599.0,24,451.35,3136.83
2026-07-31,NonBrand_Prospecting,Prospecting_Competitor,10223.0,140.0,3,218.26,415.17
2026-07-20,NonBrand_Prospecting,Prospecting_Competitor,10456.0,114.0,2,183.84,240.02
2026-08-30,Legacy_Display,Display_Legacy_Placements,40525.0,324.0,0,745.2,0.0
2026-08-27,Brand_Search,Brand_Expanded,9967.0,396.0,21,177.38,2807.29
2026-07-23,NonBrand_Prospecting,Prospecting_Competitor,18338.0,342.0,3,500.4,390.26
2026-08-24,NonBrand_Prospecting,Prospecting_Generic,5156.0,104.0,5,110.3,505.9
2026-08-01,NonBrand_Prospecting,Prospecting_Competitor,,228.0,3,386.7,311.21
2026-09-29,Remarketing_Dynamic,Remarketing_Purchasers,17323.0,535.0,30,448.05,3984.16
2026-09-29,Remarketing_Dynamic,Remarketing_All_Visitors,22370.0,603.0,20,571.03,3856.0
2026-07-24,Legacy_Display,Display_Legacy_Placements,30802.0,246.0,1,565.8,143.97
2026-08-25,NonBrand_Prospecting,Prospecting_Competitor,6710.0,82.0,0,134.76,0.0
2026-07-16,Remarketing_Dynamic,Remarketing_Purchasers,32298.0,833.0,36,839.98,1686.6
2026-08-17,NonBrand_Prospecting,Prospecting_Competitor,9467.0,93.0,2,149.68,301.29
2026-09-14,NonBrand_Prospecting,Prospecting_Competitor,21952.0,258.0,2,430.28,260.34
2026-07-01,Remarketing_Dynamic,Remarketing_Cart_Abandon,37120.0,1130.0,65,1145.32,8380.97
2026-07-24,Remarketing_Dynamic,Remarketing_All_Visitors,26737.0,594.0,22,570.83,2332.71
2026-08-31,Legacy_Display,Display_Legacy_Placements,41170.0,329.0,1,756.7,169.09
2026-07-08,Legacy_Display,Display_Legacy_Placements,36227.0,289.0,0,664.7,0.0
2026-09-05,Legacy_Display,Display_Legacy_Placements,28383.0,227.0,2,522.1,75.26
2026-07-19,Legacy_Display,Display_Legacy_Placements,23236.0,185.0,0,425.5,0.0
2026-07-03,Remarketing_Dynamic,Remarketing_Purchasers,4228.0,179.0,10,179.29,1350.36
2026-09-08,Brand_Search,Brand_Core,31957.0,1352.0,69,853.38,7224.35
2026-08-01,Remarketing_Dynamic,Remarketing_All_Visitors,37793.0,966.0,25,643.13,1726.78
2026-09-29,NonBrand_Prospecting,Prospecting_Generic,10971.0,172.0,5,176.74,538.45
2026-07-15,Brand_Search,Brand_Expanded,27973.0,1017.0,33,627.32,5075.67
2026-07-08,NonBrand_Prospecting,Prospecting_Generic,39754.0,829.0,19,903.1,1146.17
2026-09-20,NonBrand_Prospecting,Prospecting_Generic,30648.0,883.0,22,1011.03,2384.65
2026-08-17,Legacy_Display,Display_Legacy_Placements,26594.0,212.0,1,487.6,105.3
2026-09-07,Remarketing_Dynamic,Remarketing_Cart_Abandon,22029.0,722.0,39,797.57,3385.3
2026-08-12,Remarketing_Dynamic,Remarketing_Cart_Abandon,9278.0,230.0,13,213.32,2056.17
2026-08-04,NonBrand_Prospecting,Prospecting_Competitor,24300.0,339.0,3,592.51,295.57
2026-07-05,Remarketing_Dynamic,Remarketing_All_Visitors,31413.0,817.0,22,852.57,2953.38
2026-07-09,Remarketing_Dynamic,Remarketing_All_Visitors,35000.0,1052.0,39,660.71,4348.49
2026-09-02,Remarketing_Dynamic,Remarketing_Purchasers,34690.0,1017.0,51,805.27,6714.48
2026-07-31,Brand_Search,Brand_Expanded,27043.0,878.0,22,427.01,2870.85
2026-08-02,Remarketing_Dynamic,Remarketing_Purchasers,18622.0,633.0,33,669.67,4709.55
2026-09-30,Brand_Search,Brand_Expanded,22641.0,777.0,31,573.59,2786.91
2026-07-21,Remarketing_Dynamic,Remarketing_Cart_Abandon,10187.0,316.0,25,391.46,4319.66
2026-09-21,Remarketing_Dynamic,Remarketing_Purchasers,8755.0,245.0,13,221.07,1543.5
2026-07-10,Remarketing_Dynamic,Remarketing_All_Visitors,16506.0,528.0,15,401.17,2074.95
2026-09-28,Remarketing_Dynamic,Remarketing_All_Visitors,5375.0,140.0,8,139.71,884.42
2026-08-15,Remarketing_Dynamic,Remarketing_All_Visitors,19690.0,633.0,14,483.27,1387.81
2026-09-19,NonBrand_Prospecting,Prospecting_Competitor,20348.0,308.0,4,498.13,533.8
2026-08-15,Remarketing_Dynamic,Remarketing_Purchasers,22772.0,748.0,31,719.08,4926.26
2026-08-13,NonBrand_Prospecting,Prospecting_Competitor,11272.0,196.0,0,290.85,0.0
2026-07-16,Remarketing_Dynamic,Remarketing_All_Visitors,36024.0,1182.0,40,1190.43,3692.2
2026-07-02,Brand_Search,Brand_Expanded,28891.0,,33,783.1,5791.91
2026-08-19,Brand_Search,Brand_Core,7038.0,286.0,13,156.46,1521.62
2026-09-30,NonBrand_Prospecting,Prospecting_Generic,9282.0,234.0,7,253.99,1195.39
2026-09-24,Remarketing_Dynamic,Remarketing_Cart_Abandon,11978.0,342.0,18,370.4,3036.74
2026-08-19,NonBrand_Prospecting,Prospecting_Generic,15182.0,289.0,5,299.74,487.19
2026-09-12,Remarketing_Dynamic,Remarketing_Cart_Abandon,4380.0,156.0,8,142.46,727.97
2026-07-16,NonBrand_Prospecting,Prospecting_Competitor,27363.0,340.0,4,565.77,611.54
2026-08-05,Remarketing_Dynamic,Remarketing_Cart_Abandon,31294.0,1065.0,64,977.52,10755.02
2026-09-27,Remarketing_Dynamic,Remarketing_Purchasers,28625.0,824.0,45,861.81,4124.75
2026-07-25,Remarketing_Dynamic,Remarketing_All_Visitors,13947.0,424.0,17,261.73,1690.34
2026-07-02,Remarketing_Dynamic,Remarketing_Purchasers,19318.0,574.0,25,519.96,2829.4
2026-07-24,NonBrand_Prospecting,Prospecting_Competitor,19553.0,408.0,6,-673.47,291.95
2026-08-09,Brand_Search,Brand_Core,31564.0,1372.0,80,1023.71,9746.44
2026-09-25,Brand_Search,Brand_Core,27757.0,1217.0,65,754.27,8873.17
2026-08-16,Brand_Search,Brand_Core,29762.0,1366.0,71,1163.49,10364.19
2026-09-27,Brand_Search,Brand_Core,19604.0,766.0,34,391.57,4525.01
2026-07-06,Legacy_Display,Display_Legacy_Placements,32427.0,259.0,0,595.7,0.0
2026-09-19,Brand_Search,Brand_Expanded,20687.0,612.0,24,311.7,1859.75
2026-07-21,NonBrand_Prospecting,Prospecting_Generic,4449.0,105.0,2,130.67,232.79
2026-07-14,Remarketing_Dynamic,Remarketing_All_Visitors,25022.0,775.0,32,709.24,5069.71
2026-07-18,NonBrand_Prospecting,Prospecting_Generic,3859.0,97.0,2,113.27,258.04
2026-08-11,NonBrand_Prospecting,Prospecting_Competitor,4700.0,49.0,0,67.84,0.0
2026-08-23,Brand_Search,Brand_Expanded,31881.0,924.0,32,422.93,3302.69
2026-09-07,Brand_Search,Brand_Expanded,34353.0,1207.0,49,561.85,7440.43
2026-07-08,Remarketing_Dynamic,Remarketing_All_Visitors,28352.0,841.0,26,820.63,2823.26
2026-08-01,Brand_Search,Brand_Core,24153.0,1027.0,42,601.74,4849.53
2026-09-15,NonBrand_Prospecting,Prospecting_Competitor,,514.0,7,889.28,762.36
2026-07-06,Brand_Search,Brand_Expanded,14730.0,458.0,21,267.83,3324.18
2026-09-21,NonBrand_Prospecting,Prospecting_Generic,29923.0,751.0,17,765.31,2430.75
2026-08-30,Brand_Search,Brand_Expanded,23282.0,856.0,33,577.77,4487.92
2026-07-14,Remarketing_Dynamic,Remarketing_Cart_Abandon,27672.0,926.0,49,764.61,6217.2
2026-09-29,NonBrand_Prospecting,Prospecting_Competitor,38259.0,670.0,7,1132.86,522.11
2026-09-15,Remarketing_Dynamic,Remarketing_Purchasers,5914.0,208.0,13,191.73,1375.97
2026-08-18,Brand_Search,Brand_Core,27551.0,1159.0,51,619.58,7020.77
2026-08-21,Brand_Search,Brand_Expanded,14176.0,484.0,17,207.35,1612.18
2026-08-08,Brand_Search,Brand_Core,3818.0,165.0,7,117.25,802.83
2026-08-13,Remarketing_Dynamic,Remarketing_Cart_Abandon,36894.0,1105.0,60,1141.42,5852.36
2026-09-05,Remarketing_Dynamic,Remarketing_All_Visitors,29179.0,897.0,27,891.26,3322.06
2026-07-29,Remarketing_Dynamic,Remarketing_Cart_Abandon,22548.0,809.0,37,944.04,4706.87
2026-09-07,Remarketing_Dynamic,Remarketing_Purchasers,21181.0,568.0,26,499.88,1747.27
2026-08-01,Remarketing_Dynamic,Remarketing_Cart_Abandon,14623.0,480.0,18,518.61,2746.23
2026-09-05,Brand_Search,Brand_Core,25105.0,1110.0,44,796.01,1831.9
2026-08-13,Brand_Search,Brand_Core,7507.0,327.0,19,226.15,1971.29
2026-08-27,Remarketing_Dynamic,Remarketing_Cart_Abandon,9976.0,360.0,31,415.9,3895.5
2026-08-31,Remarketing_Dynamic,Remarketing_Cart_Abandon,3993.0,142.0,8,156.85,1029.63
2026-09-23,Brand_Search,Brand_Expanded,33210.0,1051.0,35,519.43,4619.5
2026-07-12,NonBrand_Prospecting,Prospecting_Competitor,25899.0,367.0,5,533.21,501.08
2026-07-26,Brand_Search,Brand_Expanded,9567.0,279.0,9,151.55,997.84
2026-07-23,Remarketing_Dynamic,Remarketing_Purchasers,30482.0,960.0,39,948.56,4334.6
2026-09-20,NonBrand_Prospecting,Prospecting_Competitor,16648.0,213.0,6,337.03,687.75
2026-08-25,Remarketing_Dynamic,Remarketing_Purchasers,9825.0,271.0,11,244.89,989.1
2026-08-26,Brand_Search,Brand_Core,39423.0,1774.0,66,936.4,6288.27
2026-07-10,NonBrand_Prospecting,Prospecting_Competitor,34326.0,733.0,15,1200.29,2002.99
2026-07-06,Remarketing_Dynamic,Remarketing_Cart_Abandon,39507.0,1381.0,100,1435.2,13537.78
2026-09-13,NonBrand_Prospecting,Prospecting_Competitor,21826.0,321.0,4,537.08,522.3
2026-08-23,Remarketing_Dynamic,Remarketing_Cart_Abandon,26661.0,878.0,49,770.41,5990.14
2026-07-30,NonBrand_Prospecting,Prospecting_Generic,3019.0,63.0,3,56.09,252.68
2026-07-06,NonBrand_Prospecting,Prospecting_Generic,4853.0,114.0,3,143.83,388.65
2026-07-20,Legacy_Display,Display_Legacy_Placements,37369.0,298.0,0,685.4,0.0
2026-07-05,Brand_Search,Brand_Expanded,25258.0,837.0,33,435.81,1565.57
2026-09-16,NonBrand_Prospecting,Prospecting_Competitor,39991.0,427.0,5,670.4,510.54
2026-08-07,Remarketing_Dynamic,Remarketing_Cart_Abandon,8611.0,,19,-354.99,1705.41
2026-09-10,Remarketing_Dynamic,Remarketing_All_Visitors,11336.0,324.0,17,288.14,2043.43
2026-09-01,NonBrand_Prospecting,Prospecting_Competitor,22489.0,371.0,2,582.14,264.43
2026-07-19,Brand_Search,Brand_Expanded,29759.0,947.0,45,361.14,4528.44
2026-09-02,NonBrand_Prospecting,Prospecting_Generic,4669.0,138.0,5,158.23,767.64
2026-08-12,Remarketing_Dynamic,Remarketing_All_Visitors,20598.0,622.0,13,422.25,2010.97
2026-09-21,Brand_Search,Brand_Core,4599.0,209.0,15,141.29,1455.59
2026-07-03,Brand_Search,Brand_Expanded,38070.0,1496.0,62,696.29,6785.88
2026-09-15,Remarketing_Dynamic,Remarketing_Cart_Abandon,38303.0,1211.0,67,-1329.64,2625.05
2026-09-15,Remarketing_Dynamic,Remarketing_All_Visitors,32127.0,922.0,27,902.63,3717.78
2026-07-18,Remarketing_Dynamic,Remarketing_Cart_Abandon,8809.0,325.0,20,343.81,1769.75
2026-07-28,Brand_Search,Brand_Core,27044.0,1375.0,60,661.55,7168.32
2026-09-26,Remarketing_Dynamic,Remarketing_Purchasers,8303.0,235.0,15,1773.5589298709524,1693.69
2026-08-16,NonBrand_Prospecting,Prospecting_Generic,32545.0,585.0,13,741.99,1572.14
2026-09-23,NonBrand_Prospecting,Prospecting_Generic,29162.0,516.0,13,549.35,1412.47
2026-08-29,Remarketing_Dynamic,Remarketing_Purchasers,33329.0,987.0,55,873.75,6530.84
2026-09-05,NonBrand_Prospecting,Prospecting_Generic,10974.0,295.0,5,,643.77
2026-09-11,NonBrand_Prospecting,Prospecting_Competitor,37283.0,685.0,11,1117.86,1172.2
2026-07-03,NonBrand_Prospecting,Prospecting_Generic,9082.0,233.0,8,276.48,1027.99
2026-07-26,Brand_Search,Brand_Core,14320.0,614.0,33,382.69,4120.05
2026-07-16,Legacy_Display,Display_Legacy_Placements,43975.0,351.0,3,807.3,289.17
2026-07-17,Remarketing_Dynamic,Remarketing_All_Visitors,36978.0,1254.0,44,1206.27,3746.29
2026-09-23,Brand_Search,Brand_Core,3539.0,166.0,2,95.19,273.12
2026-07-15,NonBrand_Prospecting,Prospecting_Competitor,13883.0,167.0,3,262.51,320.1
2026-09-19,NonBrand_Prospecting,Prospecting_Generic,7195.0,152.0,2,164.73,263.62
2026-09-28,NonBrand_Prospecting,Prospecting_Generic,3584.0,98.0,2,105.48,212.18
2026-08-02,Brand_Search,Brand_Expanded,38213.0,1242.0,48,741.62,4243.99
2026-07-22,Legacy_Display,Display_Legacy_Placements,22258.0,178.0,0,409.4,0.0
2026-07-10,Legacy_Display,Display_Legacy_Placements,21826.0,174.0,0,400.2,0.0
2026-08-08,Remarketing_Dynamic,Remarketing_Cart_Abandon,36815.0,1036.0,61,1329.29,5641.74
2026-08-18,Remarketing_Dynamic,Remarketing_Purchasers,35891.0,1070.0,42,951.4,5162.97
2026-07-11,Legacy_Display,Display_Legacy_Placements,28101.0,224.0,0,515.2,0.0
2026-07-18,NonBrand_Prospecting,Prospecting_Competitor,30739.0,247.0,7,400.23,715.11
2026-08-30,Brand_Search,Brand_Core,14954.0,760.0,36,260.93,4082.84
2026-09-24,Brand_Search,Brand_Expanded,34294.0,1157.0,48,757.76,5230.66
2026-09-03,Remarketing_Dynamic,Remarketing_Purchasers,16790.0,512.0,32,511.38,3321.8
2026-07-21,Remarketing_Dynamic,Remarketing_All_Visitors,28570.0,698.0,13,512.34,1164.51
2026-09-22,Remarketing_Dynamic,Remarketing_All_Visitors,19080.0,481.0,20,331.07,2367.98
2026-07-04,Brand_Search,Brand_Core,19664.0,921.0,47,473.46,8069.19
2026-07-18,Brand_Search,Brand_Expanded,20365.0,585.0,23,359.04,2253.83
2026-09-28,Legacy_Display,Display_Legacy_Placements,34776.0,278.0,2,639.4,235.3
2026-08-10,Remarketing_Dynamic,Remarketing_All_Visitors,28044.0,750.0,18,592.39,2358.21
2026-09-12,Remarketing_Dynamic,Remarketing_Purchasers,3745.0,110.0,3,119.76,252.05
2026-07-13,Legacy_Display,Display_Legacy_Placements,38588.0,308.0,1,708.4,159.13
2026-09-17,Remarketing_Dynamic,Remarketing_All_Visitors,22757.0,615.0,21,673.93,2128.24
2026-08-19,Legacy_Display,Display_Legacy_Placements,34128.0,273.0,0,627.9,0.0
2026-09-05,NonBrand_Prospecting,Prospecting_Competitor,15642.0,260.0,6,,736.01
2026-07-07,NonBrand_Prospecting,Prospecting_Competitor,9428.0,192.0,4,316.96,376.12
2026-08-01,Legacy_Display,Display_Legacy_Placements,34531.0,276.0,0,634.8,0.0
2026-08-08,NonBrand_Prospecting,Prospecting_Competitor,27970.0,577.0,5,982.29,460.02
2026-08-05,Legacy_Display,Display_Legacy_Placements,44761.0,358.0,0,823.4,0.0
2026-08-03,Remarketing_Dynamic,Remarketing_All_Visitors,33955.0,890.0,29,874.2,3362.42
2026-09-03,Legacy_Display,Display_Legacy_Placements,33079.0,264.0,0,607.2,0.0
2026-09-19,Remarketing_Dynamic,Remarketing_Purchasers,3188.0,71.0,2,70.11,292.86
2026-08-31,Brand_Search,Brand_Expanded,32570.0,1222.0,46,713.74,3663.25
2026-07-05,Legacy_Display,Display_Legacy_Placements,35158.0,281.0,0,646.3,0.0
2026-07-14,Legacy_Display,Display_Legacy_Placements,22278.0,178.0,0,409.4,0.0
2026-08-19,Remarketing_Dynamic,Remarketing_Cart_Abandon,10141.0,307.0,21,312.66,1424.55
2026-09-25,Remarketing_Dynamic,Remarketing_Purchasers,18883.0,543.0,25,487.24,3127.52
2026-08-10,Brand_Search,Brand_Expanded,35586.0,1199.0,53,456.58,6813.35
2026-09-25,NonBrand_Prospecting,Prospecting_Competitor,13178.0,262.0,3,398.08,257.73
2026-08-01,Brand_Search,Brand_Expanded,6138.0,220.0,8,89.68,942.88
2026-09-08,Legacy_Display,Display_Legacy_Placements,31214.0,249.0,1,572.7,109.3
2026-08-05,Brand_Search,Brand_Core,23529.0,1146.0,58,731.72,6700.16
2026-09-01,Legacy_Display,Display_Legacy_Placements,32911.0,263.0,0,604.9,0.0
2026-09-03,Brand_Search,Brand_Expanded,27798.0,1017.0,42,565.49,3606.63
2026-09-15,Brand_Search,Brand_Core,38115.0,1746.0,84,1195.03,8017.96
2026-08-06,Brand_Search,Brand_Core,39681.0,1856.0,107,1029.16,12309.49
2026-08-30,Remarketing_Dynamic,Remarketing_Purchasers,27420.0,779.0,30,846.57,3660.71
2026-09-09,NonBrand_Prospecting,Prospecting_Competitor,34467.0,525.0,8,845.65,1162.55
2026-08-01,Remarketing_Dynamic,Remarketing_Purchasers,33976.0,889.0,38,819.48,4226.32
2026-08-05,Remarketing_Dynamic,Remarketing_Purchasers,31836.0,777.0,34,689.54,4416.91
2026-07-08,Remarketing_Dynamic,Remarketing_Cart_Abandon,39891.0,1433.0,92,1409.41,9614.12
2026-09-18,Remarketing_Dynamic,Remarketing_All_Visitors,28140.0,860.0,26,659.49,2911.12
2026-08-05,Brand_Search,Brand_Expanded,34573.0,1183.0,36,518.94,4537.79
2026-07-13,NonBrand_Prospecting,Prospecting_Competitor,27878.0,548.0,16,867.01,2725.23
2026-08-28,Brand_Search,Brand_Expanded,13384.0,564.0,19,339.32,1520.96
2026-09-11,Remarketing_Dynamic,Remarketing_Purchasers,13105.0,417.0,23,407.86,2976.13
2026-08-17,Brand_Search,Brand_Core,8192.0,359.0,22,162.86,3110.88
2026-08-09,NonBrand_Prospecting,Prospecting_Generic,34830.0,807.0,16,959.26,2595.72
2026-09-30,Remarketing_Dynamic,Remarketing_Cart_Abandon,14768.0,463.0,30,438.53,2939.33
2026-08-13,NonBrand_Prospecting,Prospecting_Generic,33332.0,,22,865.14,2789.23
2026-08-23,NonBrand_Prospecting,Prospecting_Competitor,3509.0,55.0,0,83.78,0.0
2026-09-08,Remarketing_Dynamic,Remarketing_All_Visitors,6445.0,162.0,2,113.63,241.16
2026-08-21,Brand_Search,Brand_Core,27121.0,1101.0,44,862.84,6683.83
2026-08-02,NonBrand_Prospecting,Prospecting_Generic,9004.0,235.0,8,262.83,1055.34
2026-09-20,Remarketing_Dynamic,Remarketing_All_Visitors,30048.0,794.0,24,546.35,3032.72
2026-07-15,Remarketing_Dynamic,Remarketing_Cart_Abandon,39636.0,1370.0,77,1480.36,9376.51
2026-09-09,Remarketing_Dynamic,Remarketing_All_Visitors,38000.0,773.0,30,558.14,4860.33
2026-08-07,Remarketing_Dynamic,Remarketing_Purchasers,7810.0,224.0,7,177.28,1237.0
2026-08-18,Remarketing_Dynamic,Remarketing_All_Visitors,32739.0,982.0,34,669.81,4254.06
2026-07-13,Remarketing_Dynamic,Remarketing_Cart_Abandon,37214.0,953.0,45,936.08,5981.92
2026-09-25,Legacy_Display,Display_Legacy_Placements,30920.0,247.0,0,568.1,0.0
2026-08-27,NonBrand_Prospecting,Prospecting_Competitor,15442.0,229.0,5,351.28,527.28
2026-09-18,NonBrand_Prospecting,Prospecting_Generic,33048.0,493.0,9,547.7,1577.91
2026-09-10,NonBrand_Prospecting,Prospecting_Competitor,18728.0,241.0,6,395.78,654.73
2026-08-02,Remarketing_Dynamic,Remarketing_Cart_Abandon,17160.0,663.0,42,650.96,3392.34
2026-07-15,NonBrand_Prospecting,Prospecting_Generic,23200.0,476.0,9,419.82,1382.97
2026-09-19,Legacy_Display,Display_Legacy_Placements,24184.0,193.0,0,443.9,0.0
2026-07-03,NonBrand_Prospecting,Prospecting_Competitor,24163.0,148.0,1,241.92,116.09
2026-08-06,Remarketing_Dynamic,Remarketing_Cart_Abandon,10317.0,405.0,26,434.24,3704.65
2026-07-30,Brand_Search,Brand_Expanded,30099.0,1002.0,38,385.59,3686.17
2026-07-07,Brand_Search,Brand_Expanded,24724.0,926.0,38,477.88,6234.39
2026-09-13,Legacy_Display,Display_Legacy_Placements,,313.0,1,719.9,129.75
2026-09-02,Brand_Search,Brand_Core,11605.0,473.0,23,267.98,3736.98
2026-07-07,Brand_Search,Brand_Core,21418.0,999.0,46,642.44,7602.03
2026-07-31,Legacy_Display,Display_Legacy_Placements,21312.0,170.0,0,391.0,0.0
2026-07-15,Legacy_Display,Display_Legacy_Placements,28364.0,226.0,2,519.8,351.17
2026-07-19,NonBrand_Prospecting,Prospecting_Competitor,14486.0,207.0,2,319.17,240.61
2026-09-04,Remarketing_Dynamic,Remarketing_Purchasers,15721.0,350.0,9,284.86,1292.51
2026-08-29,Remarketing_Dynamic,Remarketing_All_Visitors,15631.0,386.0,12,326.46,1734.51
2026-09-07,Legacy_Display,Display_Legacy_Placements,32272.0,258.0,2,593.4,236.95
2026-07-02,Remarketing_Dynamic,Remarketing_All_Visitors,33590.0,728.0,16,651.32,1284.3
2026-07-09,NonBrand_Prospecting,Prospecting_Competitor,17906.0,291.0,6,443.48,733.46
2026-08-21,NonBrand_Prospecting,Prospecting_Generic,10937.0,269.0,6,313.39,715.15
2026-08-25,NonBrand_Prospecting,Prospecting_Generic,13002.0,235.0,7,259.76,1147.79
2026-08-06,Remarketing_Dynamic,Remarketing_Purchasers,12784.0,384.0,25,390.02,3885.4
2026-08-31,Brand_Search,Brand_Core,22026.0,1017.0,50,572.38,5764.02
2026-07-01,NonBrand_Prospecting,Prospecting_Generic,33541.0,748.0,28,823.25,4433.13
2026-07-09,Legacy_Display,Display_Legacy_Placements,28997.0,231.0,0,531.3,0.0
2026-09-17,NonBrand_Prospecting,Prospecting_Generic,26276.0,582.0,14,,1845.73
2026-07-07,NonBrand_Prospecting,Prospecting_Generic,23447.0,491.0,12,503.66,1148.72
2026-08-21,Remarketing_Dynamic,Remarketing_Purchasers,10815.0,280.0,11,271.69,1100.21
2026-08-13,Remarketing_Dynamic,Remarketing_All_Visitors,33590.0,931.0,30,756.77,4288.81
2026-07-03,Remarketing_Dynamic,Remarketing_Cart_Abandon,14429.0,524.0,23,469.47,3992.08
2026-09-01,Brand_Search,Brand_Expanded,28977.0,,39,621.23,4416.09
2026-07-23,NonBrand_Prospecting,Prospecting_Generic,24778.0,551.0,16,612.18,2500.57
2026-07-19,Remarketing_Dynamic,Remarketing_Cart_Abandon,34001.0,930.0,55,1071.47,7305.6
2026-08-02,Legacy_Display,Display_Legacy_Placements,25456.0,203.0,0,466.9,0.0
2026-08-19,Brand_Search,Brand_Expanded,4519.0,178.0,4,93.54,654.54
2026-08-11,Remarketing_Dynamic,Remarketing_Cart_Abandon,25605.0,780.0,58,901.46,6665.34
2026-09-15,NonBrand_Prospecting,Prospecting_Generic,30661.0,854.0,27,929.65,2210.29
2026-07-05,Remarketing_Dynamic,Remarketing_Cart_Abandon,23131.0,678.0,34,778.39,3388.08
2026-07-22,NonBrand_Prospecting,Prospecting_Competitor,10835.0,166.0,6,249.99,1096.5
2026-09-10,Brand_Search,Brand_Expanded,39386.0,1279.0,49,743.28,4783.09
2026-08-27,Remarketing_Dynamic,Remarketing_All_Visitors,25728.0,719.0,30,678.04,4363.09
2026-08-28,Brand_Search,Brand_Expanded,13384.0,564.0,19,339.32,1520.96
2026-09-13,NonBrand_Prospecting,Prospecting_Generic,30155.0,836.0,20,907.56,3094.78
2026-07-14,NonBrand_Prospecting,Prospecting_Generic,31791.0,656.0,12,762.25,1759.57
2026-08-06,Brand_Search,Brand_Expanded,19644.0,742.0,26,560.41,2332.86
2026-08-18,NonBrand_Prospecting,Prospecting_Competitor,19682.0,236.0,2,356.15,274.64
2026-09-13,Remarketing_Dynamic,Remarketing_All_Visitors,11096.0,342.0,10,288.14,796.73
2026-07-10,Brand_Search,Brand_Core,11395.0,537.0,32,286.46,3844.98
2026-07-17,Remarketing_Dynamic,Remarketing_Cart_Abandon,28474.0,928.0,78,912.86,13323.41
2026-09-04,Brand_Search,Brand_Core,22811.0,1032.0,57,547.23,5429.9
2026-07-11,NonBrand_Prospecting,Prospecting_Competitor,6661.0,103.0,4,164.62,448.63
2026-07-01,Brand_Search,Brand_Core,6302.0,257.0,15,173.49,1962.72
2026-08-30,Remarketing_Dynamic,Remarketing_Cart_Abandon,25484.0,756.0,48,699.4,7068.36
2026-07-01,Legacy_Display,Display_Legacy_Placements,38680.0,309.0,0,710.7,0.0
2026-07-04,NonBrand_Prospecting,Prospecting_Competitor,24133.0,415.0,5,634.82,662.08
2026-08-18,Brand_Search,Brand_Expanded,13865.0,356.0,14,161.49,1513.71
2026-09-04,Legacy_Display,Display_Legacy_Placements,26494.0,211.0,0,485.3,0.0
2026-09-08,Remarketing_Dynamic,Remarketing_Cart_Abandon,9077.0,276.0,17,299.2,2392.18
2026-07-30,NonBrand_Prospecting,Prospecting_Competitor,11025.0,150.0,2,237.78,236.84
2026-09-12,Legacy_Display,Display_Legacy_Placements,39728.0,317.0,2,729.1,176.54
2026-09-28,Brand_Search,Brand_Core,8742.0,453.0,26,209.19,2948.66
2026-09-24,Remarketing_Dynamic,Remarketing_All_Visitors,11139.0,346.0,14,327.58,1420.87
2026-08-10,NonBrand_Prospecting,Prospecting_Competitor,30150.0,623.0,8,968.34,1210.82
2026-08-18,NonBrand_Prospecting,Prospecting_Generic,31598.0,817.0,20,1022.62,1770.85
2026-09-12,NonBrand_Prospecting,Prospecting_Competitor,22479.0,307.0,5,574.21,893.2
2026-07-31,NonBrand_Prospecting,Prospecting_Generic,18665.0,506.0,15,559.72,1489.79
2026-08-11,Brand_Search,Brand_Core,14481.0,671.0,26,497.04,3042.61
2026-07-09,Brand_Search,Brand_Expanded,23657.0,882.0,36,480.09,4923.47
2026-07-01,Remarketing_Dynamic,Remarketing_All_Visitors,14565.0,423.0,13,378.95,1375.75
2026-09-11,NonBrand_Prospecting,Prospecting_Generic,36398.0,761.0,13,766.4,1248.26
2026-07-11,Remarketing_Dynamic,Remarketing_All_Visitors,24115.0,627.0,26,538.26,1849.38
2026-07-13,Brand_Search,Brand_Expanded,21564.0,963.0,35,571.53,3350.94
2026-08-28,Remarketing_Dynamic,Remarketing_Cart_Abandon,33160.0,986.0,46,1058.48,4548.26
2026-09-29,Remarketing_Dynamic,Remarketing_Cart_Abandon,34890.0,1048.0,65,1206.15,9056.09
2026-07-20,Brand_Search,Brand_Expanded,21251.0,728.0,34,381.95,4827.29
2026-09-18,Legacy_Display,Display_Legacy_Placements,34349.0,274.0,0,630.2,0.0
2026-08-05,Remarketing_Dynamic,Remarketing_All_Visitors,36751.0,1060.0,39,981.79,3800.13
2026-07-21,NonBrand_Prospecting,Prospecting_Competitor,13765.0,264.0,2,385.5,255.58
2026-08-12,Legacy_Display,Display_Legacy_Placements,27533.0,220.0,0,506.0,0.0
2026-09-04,Remarketing_Dynamic,Remarketing_All_Visitors,8161.0,195.0,6,152.1,536.35
2026-07-27,Remarketing_Dynamic,Remarketing_Purchasers,28127.0,806.0,36,731.74,2476.83
2026-07-29,Legacy_Display,Display_Legacy_Placements,37178.0,297.0,1,683.1,101.3
2026-08-17,Remarketing_Dynamic,Remarketing_Purchasers,12141.0,405.0,11,414.14,1177.4
2026-07-19,Remarketing_Dynamic,Remarketing_Purchasers,23249.0,852.0,38,851.44,4157.47
2026-08-27,Brand_Search,Brand_Core,21667.0,1218.0,62,985.75,7300.94
2026-08-03,Brand_Search,Brand_Expanded,22041.0,891.0,43,397.33,4374.26
2026-08-10,Legacy_Display,Display_Legacy_Placements,23299.0,186.0,1,427.8,116.37
2026-09-30,Legacy_Display,Display_Legacy_Placements,36468.0,291.0,0,669.3,0.0
2026-08-18,Remarketing_Dynamic,Remarketing_Cart_Abandon,28287.0,831.0,48,866.25,5343.98
2026-08-10,NonBrand_Prospecting,Prospecting_Generic,4195.0,47.0,0,45.22,0.0
2026-08-11,Remarketing_Dynamic,Remarketing_All_Visitors,25345.0,791.0,29,682.14,4661.62
2026-07-20,Remarketing_Dynamic,Remarketing_Purchasers,28899.0,862.0,41,629.68,5905.45
2026-09-09,Brand_Search,Brand_Expanded,29551.0,996.0,40,569.44,4888.39
2026-08-03,Remarketing_Dynamic,Remarketing_Purchasers,12497.0,362.0,15,391.76,2190.92
2026-08-20,Legacy_Display,Display_Legacy_Placements,40310.0,322.0,0,740.6,0.0
2026-07-14,Remarketing_Dynamic,Remarketing_Purchasers,28125.0,775.0,44,784.7,5758.62
2026-09-22,Brand_Search,Brand_Core,6937.0,292.0,18,169.96,1520.12
2026-09-03,Brand_Search,Brand_Core,20038.0,1041.0,59,670.3,4928.04
2026-08-29,Remarketing_Dynamic,Remarketing_Cart_Abandon,21185.0,765.0,41,825.23,6680.72
2026-09-23,Remarketing_Dynamic,Remarketing_Cart_Abandon,5957.0,235.0,14,226.15,2428.04
2026-07-12,Legacy_Display,Display_Legacy_Placements,35207.0,281.0,1,646.3,146.57
2026-08-11,NonBrand_Prospecting,Prospecting_Generic,37397.0,486.0,16,476.51,2207.8
2026-08-28,NonBrand_Prospecting,Prospecting_Generic,19043.0,361.0,6,376.86,806.83
2026-07-24,Brand_Search,Brand_Expanded,,777.0,40,421.86,4694.11
2026-08-14,Brand_Search,Brand_Expanded,15839.0,578.0,22,342.19,2702.25
2026-07-03,Brand_Search,Brand_Core,34070.0,1652.0,86,1119.69,12092.34
2026-07-26,Remarketing_Dynamic,Remarketing_All_Visitors,15527.0,531.0,13,428.21,2163.36
2026-07-16,Brand_Search,Brand_Expanded,10735.0,356.0,17,247.6,2537.08
2026-07-27,Brand_Search,Brand_Expanded,22455.0,655.0,26,447.77,2953.19
2026-09-29,Brand_Search,Brand_Expanded,22790.0,921.0,45,333.33,6177.99
2026-08-10,Remarketing_Dynamic,Remarketing_Cart_Abandon,3262.0,121.0,6,123.78,672.77
2026-08-20,Remarketing_Dynamic,Remarketing_Cart_Abandon,24134.0,812.0,46,829.05,4062.38
2026-09-09,Remarketing_Dynamic,Remarketing_Cart_Abandon,32107.0,906.0,51,1047.72,7738.49
2026-09-01,Brand_Search,Brand_Core,25354.0,985.0,46,676.09,5298.8
2026-07-04,Legacy_Display,Display_Legacy_Placements,34652.0,277.0,0,637.1,0.0
2026-07-07,Legacy_Display,Display_Legacy_Placements,27251.0,218.0,0,501.4,0.0
2026-09-07,Remarketing_Dynamic,Remarketing_All_Visitors,39623.0,1181.0,47,1149.45,6238.19
2026-07-25,Remarketing_Dynamic,Remarketing_Purchasers,34404.0,942.0,43,904.34,5812.59
2026-08-16,Remarketing_Dynamic,Remarketing_Cart_Abandon,3871.0,129.0,8,134.21,1154.19
2026-07-28,NonBrand_Prospecting,Prospecting_Competitor,11227.0,172.0,5,233.29,636.89
2026-08-04,Remarketing_Dynamic,Remarketing_All_Visitors,13797.0,362.0,14,319.56,1993.5
2026-09-11,Legacy_Display,Display_Legacy_Placements,23394.0,187.0,0,430.1,0.0
2026-08-29,Legacy_Display,Display_Legacy_Placements,23100.0,184.0,0,423.2,0.0
2026-09-23,Remarketing_Dynamic,Remarketing_All_Visitors,12070.0,304.0,8,203.03,1220.72
2026-08-23,Brand_Search,Brand_Core,24994.0,1202.0,55,773.46,5563.13
2026-09-11,Remarketing_Dynamic,Remarketing_Purchasers,13105.0,417.0,23,407.86,2976.13
2026-09-27,Legacy_Display,Display_Legacy_Placements,25358.0,202.0,0,464.6,0.0
2026-07-22,Remarketing_Dynamic,Remarketing_Cart_Abandon,27194.0,936.0,58,1164.81,5387.94
2026-09-10,Remarketing_Dynamic,Remarketing_Purchasers,11197.0,,13,295.55,1100.66
2026-08-21,Remarketing_Dynamic,Remarketing_All_Visitors,23733.0,804.0,30,-698.11,2255.3
2026-09-18,Remarketing_Dynamic,Remarketing_Cart_Abandon,6336.0,224.0,21,202.66,2003.98
2026-08-16,Remarketing_Dynamic,Remarketing_All_Visitors,37659.0,1126.0,43,1003.01,3864.98
2026-07-17,Brand_Search,Brand_Expanded,20749.0,696.0,36,317.3,3557.11
2026-07-14,Brand_Search,Brand_Expanded,38461.0,1105.0,47,574.9,4781.65
2026-09-20,Remarketing_Dynamic,Remarketing_Purchasers,12523.0,467.0,20,386.88,2388.61
2026-07-12,Brand_Search,Brand_Expanded,5666.0,153.0,4,61.28,545.65
2026-09-16,Remarketing_Dynamic,Remarketing_Purchasers,19274.0,623.0,30,587.8,3055.1
2026-08-13,Brand_Search,Brand_Expanded,36635.0,1177.0,43,492.36,2785.06
2026-09-17,Brand_Search,Brand_Core,35483.0,1312.0,70,997.68,7473.24
2026-08-26,NonBrand_Prospecting,Prospecting_Competitor,32367.0,630.0,9,1002.07,1058.1
2026-07-06,Remarketing_Dynamic,Remarketing_All_Visitors,18771.0,546.0,25,538.84,2480.99
2026-08-22,Remarketing_Dynamic,Remarketing_Purchasers,32013.0,1132.0,46,1279.27,4759.87
2026-07-31,Remarketing_Dynamic,Remarketing_Purchasers,23923.0,743.0,26,712.5,3307.26
2026-07-30,Brand_Search,Brand_Core,24499.0,1184.0,59,946.81,6772.44
2026-09-26,Remarketing_Dynamic,Remarketing_Cart_Abandon,8831.0,329.0,18,334.72,2409.69
2026-07-16,Brand_Search,Brand_Core,23482.0,936.0,33,455.52,3004.91
2026-08-08,Brand_Search,Brand_Expanded,21344.0,904.0,34,481.45,3930.96
2026-08-19,NonBrand_Prospecting,Prospecting_Competitor,6270.0,100.0,3,142.24,283.05
2026-08-11,Brand_Search,Brand_Expanded,15701.0,528.0,17,286.09,1845.88
2026-08-23,NonBrand_Prospecting,Prospecting_Generic,4426.0,111.0,4,122.77,540.1
2026-08-13,Remarketing_Dynamic,Remarketing_Purchasers,26781.0,676.0,25,712.09,3142.23
2026-07-29,Brand_Search,Brand_Expanded,21763.0,659.0,30,307.26,4515.46
2026-07-04,Remarketing_Dynamic,Remarketing_Purchasers,13609.0,371.0,9,394.57,1111.89
2026-07-07,Remarketing_Dynamic,Remarketing_Cart_Abandon,18818.0,626.0,55,,7025.2
2026-09-05,Remarketing_Dynamic,Remarketing_Cart_Abandon,32167.0,944.0,60,1030.71,5553.8
2026-07-28,Remarketing_Dynamic,Remarketing_All_Visitors,16815.0,358.0,11,269.1,1739.11
2026-08-04,Legacy_Display,Display_Legacy_Placements,21580.0,172.0,2,395.6,228.3
2026-07-14,NonBrand_Prospecting,Prospecting_Competitor,21695.0,344.0,8,550.47,914.83
2026-08-12,Remarketing_Dynamic,Remarketing_Purchasers,36841.0,1009.0,44,1120.54,5127.31
2026-07-10,NonBrand_Prospecting,Prospecting_Generic,14808.0,352.0,10,403.51,1836.02
2026-08-26,Remarketing_Dynamic,Remarketing_Cart_Abandon,5464.0,220.0,15,206.06,1693.72
2026-07-25,NonBrand_Prospecting,Prospecting_Generic,12015.0,302.0,9,337.65,1544.16
2026-09-03,NonBrand_Prospecting,Prospecting_Generic,9369.0,238.0,9,252.76,1488.01
2026-08-31,NonBrand_Prospecting,Prospecting_Generic,39053.0,734.0,16,838.8,2390.91
2026-08-01,Legacy_Display,Display_Legacy_Placements,34531.0,276.0,0,634.8,0.0
2026-08-20,Brand_Search,Brand_Expanded,39154.0,1335.0,63,820.69,8270.77
2026-07-31,Remarketing_Dynamic,Remarketing_Cart_Abandon,9475.0,316.0,24,337.63,1808.6
2026-07-12,NonBrand_Prospecting,Prospecting_Generic,14191.0,312.0,5,353.81,561.4
2026-09-06,NonBrand_Prospecting,Prospecting_Competitor,15133.0,255.0,7,412.98,532.45
2026-08-09,Remarketing_Dynamic,Remarketing_Purchasers,27273.0,797.0,29,861.32,3518.4
2026-09-28,NonBrand_Prospecting,Prospecting_Competitor,29991.0,466.0,6,736.51,323.52
2026-07-11,Remarketing_Dynamic,Remarketing_Purchasers,19402.0,577.0,22,417.79,2845.51
2026-07-10,Brand_Search,Brand_Expanded,35796.0,1314.0,52,610.81,7111.28
2026-07-11,Brand_Search,Brand_Expanded,5070.0,199.0,5,116.74,503.58
2026-08-22,Remarketing_Dynamic,Remarketing_Cart_Abandon,18014.0,481.0,36,542.12,4171.09
2026-07-21,Brand_Search,Brand_Core,11834.0,528.0,18,227.71,1498.88
2026-08-23,Legacy_Display,Display_Legacy_Placements,24834.0,198.0,3,455.4,328.63
2026-08-12,Brand_Search,Brand_Expanded,35962.0,1183.0,49,347.24,7967.44
2026-09-02,Brand_Search,Brand_Expanded,,328.0,8,224.7,1033.0
2026-08-22,NonBrand_Prospecting,Prospecting_Generic,25814.0,735.0,24,835.23,3035.05
2026-09-02,Remarketing_Dynamic,Remarketing_All_Visitors,29253.0,853.0,25,929.15,1381.31
2026-08-05,NonBrand_Prospecting,Prospecting_Competitor,26556.0,,3,351.08,369.01
2026-07-27,Remarketing_Dynamic,Remarketing_Cart_Abandon,17676.0,530.0,22,643.56,2324.17
2026-07-08,Brand_Search,Brand_Expanded,27140.0,950.0,38,769.28,4594.01
2026-08-07,Legacy_Display,Display_Legacy_Placements,28089.0,224.0,0,515.2,0.0
2026-07-26,NonBrand_Prospecting,Prospecting_Generic,21528.0,518.0,17,512.96,1842.91
2026-07-25,Remarketing_Dynamic,Remarketing_Cart_Abandon,35079.0,968.0,46,986.23,5966.38
2026-08-22,Legacy_Display,Display_Legacy_Placements,,356.0,0,818.8,0.0
2026-09-06,NonBrand_Prospecting,Prospecting_Generic,38956.0,909.0,32,916.65,4914.32
2026-09-14,Brand_Search,Brand_Expanded,35499.0,1298.0,61,916.57,7936.02
2026-07-15,Remarketing_Dynamic,Remarketing_Purchasers,5919.0,222.0,8,196.05,744.48
2026-07-05,NonBrand_Prospecting,Prospecting_Generic,23688.0,650.0,18,683.54,1057.94
2026-08-03,NonBrand_Prospecting,Prospecting_Competitor,12726.0,270.0,6,408.35,1264.28
2026-08-15,NonBrand_Prospecting,Prospecting_Competitor,31231.0,285.0,7,424.83,589.7
2026-07-09,Remarketing_Dynamic,Remarketing_Cart_Abandon,22119.0,799.0,40,916.93,5709.8
2026-08-30,NonBrand_Prospecting,Prospecting_Generic,18351.0,438.0,15,510.62,1444.26
2026-07-27,Legacy_Display,Display_Legacy_Placements,35643.0,285.0,0,655.5,0.0
2026-07-09,NonBrand_Prospecting,Prospecting_Generic,26963.0,480.0,14,581.02,1907.06
2026-07-28,Remarketing_Dynamic,Remarketing_Purchasers,7017.0,209.0,10,165.5,1062.48
2026-07-08,NonBrand_Prospecting,Prospecting_Competitor,9858.0,146.0,2,234.75,316.88
2026-08-24,Remarketing_Dynamic,Remarketing_Purchasers,,215.0,9,256.23,320.67
2026-07-03,Remarketing_Dynamic,Remarketing_All_Visitors,38089.0,1243.0,33,1171.87,5885.31
2026-08-09,Remarketing_Dynamic,Remarketing_All_Visitors,38150.0,1254.0,49,1181.2,6337.77
2026-09-07,Brand_Search,Brand_Core,19471.0,821.0,36,409.37,3892.7
2026-09-21,Brand_Search,Brand_Expanded,11659.0,397.0,25,214.24,2978.29
2026-08-24,Remarketing_Dynamic,Remarketing_All_Visitors,28517.0,821.0,29,794.64,3940.08
2026-09-04,Remarketing_Dynamic,Remarketing_Cart_Abandon,16127.0,586.0,39,608.62,5108.61
2026-09-02,Legacy_Display,Display_Legacy_Placements,38837.0,310.0,1,713.0,109.26
2026-08-29,Brand_Search,Brand_Core,4822.0,218.0,7,124.43,374.79
2026-09-23,Remarketing_Dynamic,Remarketing_Purchasers,34185.0,995.0,57,975.21,6739.48
2026-07-18,Remarketing_Dynamic,Remarketing_Purchasers,18996.0,515.0,29,543.42,4142.02
2026-09-20,Legacy_Display,Display_Legacy_Placements,29236.0,233.0,1,535.9,119.89
2026-08-28,NonBrand_Prospecting,Prospecting_Competitor,29863.0,272.0,5,450.57,515.95
2026-08-09,Legacy_Display,Display_Legacy_Placements,22380.0,179.0,0,411.7,0.0
2026-07-12,Remarketing_Dynamic,Remarketing_Purchasers,14926.0,476.0,28,391.18,3727.65
2026-09-26,Brand_Search,Brand_Core,32635.0,1459.0,76,1072.89,10984.38
2026-07-17,Remarketing_Dynamic,Remarketing_Purchasers,28492.0,642.0,39,578.16,4121.77
2026-08-14,Remarketing_Dynamic,Remarketing_Cart_Abandon,37720.0,1039.0,69,1003.58,8468.98
2026-09-29,Legacy_Display,Display_Legacy_Placements,34727.0,277.0,0,637.1,0.0
2026-08-04,Remarketing_Dynamic,Remarketing_Cart_Abandon,27900.0,956.0,46,928.82,4552.56
2026-08-12,NonBrand_Prospecting,Prospecting_Generic,6826.0,161.0,1,189.7,126.13
2026-09-27,Brand_Search,Brand_Expanded,9579.0,306.0,12,180.45,1801.15
2026-07-04,Brand_Search,Brand_Expanded,13288.0,481.0,15,224.46,2149.09
2026-09-26,NonBrand_Prospecting,Prospecting_Competitor,13815.0,119.0,0,181.54,0.0
2026-09-17,NonBrand_Prospecting,Prospecting_Competitor,7310.0,171.0,2,277.61,108.82
2026-07-25,NonBrand_Prospecting,Prospecting_Competitor,19739.0,247.0,5,378.99,648.94
2026-07-29,NonBrand_Prospecting,Prospecting_Competitor,18761.0,156.0,3,249.48,357.42
2026-09-17,Remarketing_Dynamic,Remarketing_Purchasers,17030.0,574.0,17,588.37,2814.96
2026-09-13,Remarketing_Dynamic,Remarketing_Purchasers,5914.0,194.0,10,239.5,256.9
2026-08-30,Remarketing_Dynamic,Remarketing_All_Visitors,11700.0,384.0,12,313.76,936.84
2026-09-25,Remarketing_Dynamic,Remarketing_All_Visitors,38270.0,1006.0,34,1120.15,5085.9
2026-08-29,Brand_Search,Brand_Expanded,34574.0,1069.0,49,806.96,3927.94
2026-07-29,Brand_Search,Brand_Core,39618.0,1564.0,78,1037.74,7737.94
2026-07-24,NonBrand_Prospecting,Prospecting_Generic,32257.0,510.0,12,594.32,1611.87
2026-07-21,Brand_Search,Brand_Expanded,29823.0,1128.0,53,695.15,4770.02
2026-08-07,Brand_Search,Brand_Core,37633.0,1717.0,86,1009.83,8859.23
2026-07-02,Legacy_Display,Display_Legacy_Placements,40716.0,325.0,1,747.5,117.49
2026-08-21,NonBrand_Prospecting,Prospecting_Competitor,38260.0,610.0,8,970.59,846.98
2026-08-09,NonBrand_Prospecting,Prospecting_Competitor,19385.0,358.0,7,552.69,747.08
2026-09-27,NonBrand_Prospecting,Prospecting_Generic,29288.0,394.0,13,457.72,1871.17
2026-08-24,Brand_Search,Brand_Expanded,12134.0,369.0,17,161.64,2224.21
2026-08-15,Legacy_Display,Display_Legacy_Placements,23811.0,190.0,0,437.0,0.0
2026-07-07,Remarketing_Dynamic,Remarketing_Purchasers,19096.0,546.0,22,560.42,3063.82
2026-08-25,Legacy_Display,Display_Legacy_Placements,36573.0,292.0,1,671.6,136.55
2026-08-08,Remarketing_Dynamic,Remarketing_Purchasers,16204.0,400.0,24,318.39,3414.68
2026-08-18,Legacy_Display,Display_Legacy_Placements,30623.0,244.0,0,561.2,0.0
2026-09-16,Brand_Search,Brand_Expanded,6694.0,231.0,10,130.08,964.3
2026-07-30,Remarketing_Dynamic,Remarketing_Cart_Abandon,13308.0,423.0,25,337.72,2624.84
2026-07-25,Legacy_Display,Display_Legacy_Placements,44774.0,358.0,0,823.4,0.0
2026-09-08,NonBrand_Prospecting,Prospecting_Generic,4301.0,89.0,0,664.8303580608713,0.0
2026-09-06,Remarketing_Dynamic,Remarketing_All_Visitors,14054.0,380.0,16,336.89,1402.69
2026-09-24,NonBrand_Prospecting,Prospecting_Competitor,34832.0,743.0,14,1120.19,1432.25
2026-08-15,NonBrand_Prospecting,Prospecting_Generic,9302.0,175.0,2,192.97,278.45
2026-09-21,Legacy_Display,Display_Legacy_Placements,31698.0,253.0,1,581.9,96.57
2026-07-02,Brand_Search,Brand_Core,31636.0,1258.0,70,770.88,8938.56
2026-08-22,NonBrand_Prospecting,Prospecting_Competitor,18292.0,389.0,5,641.41,604.36
2026-08-06,Legacy_Display,Display_Legacy_Placements,41004.0,328.0,0,754.4,0.0
2026-09-15,Brand_Search,Brand_Expanded,21606.0,879.0,33,644.96,1881.1
2026-07-29,Remarketing_Dynamic,Remarketing_Purchasers,8065.0,197.0,14,196.83,2036.38
2026-07-17,NonBrand_Prospecting,Prospecting_Competitor,16313.0,234.0,5,342.06,491.65
2026-08-17,Remarketing_Dynamic,Remarketing_All_Visitors,37872.0,1053.0,29,843.76,4112.95
2026-09-12,Remarketing_Dynamic,Remarketing_All_Visitors,14683.0,434.0,11,,1238.53
2026-09-21,Brand_Search,Brand_Expanded,11659.0,397.0,25,214.24,2978.29
2026-09-24,NonBrand_Prospecting,Prospecting_Generic,23358.0,406.0,10,475.51,912.46
2026-08-26,NonBrand_Prospecting,Prospecting_Generic,37593.0,774.0,16,760.07,1791.5
2026-08-20,NonBrand_Prospecting,Prospecting_Generic,34940.0,706.0,14,773.1,1773.3
2026-07-31,Remarketing_Dynamic,Remarketing_All_Visitors,25158.0,621.0,24,502.36,2840.06
2026-07-19,Legacy_Display,Display_Legacy_Placements,23236.0,185.0,0,425.5,0.0
2026-07-24,Brand_Search,Brand_Core,38859.0,1600.0,79,905.75,10890.04
2026-09-27,Remarketing_Dynamic,Remarketing_All_Visitors,24733.0,701.0,23,596.61,2751.7
2026-09-15,Legacy_Display,Display_Legacy_Placements,22422.0,179.0,0,411.7,0.0
2026-09-12,NonBrand_Prospecting,Prospecting_Generic,9248.0,212.0,5,231.43,651.4
2026-09-26,Remarketing_Dynamic,Remarketing_All_Visitors,27043.0,919.0,34,720.4,4629.27
2026-07-16,NonBrand_Prospecting,Prospecting_Competitor,27363.0,340.0,4,565.77,611.54
2026-07-27,Brand_Search,Brand_Core,6503.0,266.0,11,164.37,2045.62
2026-09-12,Brand_Search,Brand_Expanded,8526.0,309.0,12,134.04,1256.08
2026-07-19,NonBrand_Prospecting,Prospecting_Generic,19382.0,367.0,15,372.17,2049.24
2026-07-20,Remarketing_Dynamic,Remarketing_Cart_Abandon,13488.0,447.0,27,520.42,2980.6
2026-08-11,Remarketing_Dynamic,Remarketing_Purchasers,38678.0,1187.0,64,1169.43,8750.2
2026-08-24,NonBrand_Prospecting,Prospecting_Competitor,,501.0,8,828.92,470.73
2026-08-23,Remarketing_Dynamic,Remarketing_Purchasers,35497.0,,62,1286.47,10525.55
2026-08-08,NonBrand_Prospecting,Prospecting_Generic,27107.0,523.0,5,538.04,455.85
2026-09-27,NonBrand_Prospecting,Prospecting_Competitor,38355.0,416.0,9,662.08,1316.43
2026-09-06,Brand_Search,Brand_Expanded,13107.0,365.0,16,196.27,2161.75
2026-08-08,Legacy_Display,Display_Legacy_Placements,36714.0,293.0,0,673.9,0.0
2026-09-25,NonBrand_Prospecting,Prospecting_Generic,13243.0,361.0,8,409.02,1298.03
2026-08-20,Remarketing_Dynamic,Remarketing_All_Visitors,29422.0,610.0,17,547.13,1943.74
2026-07-24,Remarketing_Dynamic,Remarketing_Purchasers,,708.0,36,558.96,4825.02
2026-08-31,Remarketing_Dynamic,Remarketing_Purchasers,24428.0,757.0,29,783.74,4216.13
2026-09-29,Brand_Search,Brand_Core,,717.0,35,353.5,4793.19
2026-09-04,NonBrand_Prospecting,Prospecting_Competitor,7005.0,69.0,1,110.16,85.56
2026-09-09,NonBrand_Prospecting,Prospecting_Generic,8490.0,210.0,8,236.37,798.92
2026-08-25,Brand_Search,Brand_Expanded,37424.0,1391.0,68,738.94,10889.92
2026-09-17,Brand_Search,Brand_Expanded,15293.0,561.0,34,199.89,5308.6
2026-07-18,Legacy_Display,Display_Legacy_Placements,29899.0,239.0,0,4175.863399192444,0.0
2026-09-11,Remarketing_Dynamic,Remarketing_All_Visitors,24736.0,775.0,26,750.68,2520.46
2026-07-20,NonBrand_Prospecting,Prospecting_Generic,26391.0,532.0,9,645.43,1044.07
2026-08-17,Brand_Search,Brand_Expanded,23800.0,809.0,47,521.97,3196.05
2026-08-04,Remarketing_Dynamic,Remarketing_Purchasers,30597.0,972.0,40,976.46,4368.41
2026-07-11,NonBrand_Prospecting,Prospecting_Generic,9374.0,261.0,10,333.93,1616.87
2026-09-06,Remarketing_Dynamic,Remarketing_Purchasers,5161.0,157.0,9,142.11,801.0
2026-08-20,Brand_Search,Brand_Core,7207.0,273.0,11,123.75,1400.83
2026-09-17,Remarketing_Dynamic,Remarketing_Cart_Abandon,4407.0,163.0,11,178.75,1365.1
2026-07-23,Legacy_Display,Display_Legacy_Placements,24717.0,197.0,0,453.1,0.0
2026-07-27,Remarketing_Dynamic,Remarketing_All_Visitors,8942.0,229.0,7,194.26,822.71
2026-08-05,NonBrand_Prospecting,Prospecting_Generic,4829.0,106.0,4,102.01,588.59
2026-07-02,Remarketing_Dynamic,Remarketing_Cart_Abandon,7383.0,243.0,8,242.14,779.95
2026-08-06,Remarketing_Dynamic,Remarketing_All_Visitors,8301.0,229.0,8,192.03,920.44
2026-09-13,Brand_Search,Brand_Expanded,26844.0,942.0,42,507.02,5556.52
2026-07-22,Remarketing_Dynamic,Remarketing_Cart_Abandon,27194.0,936.0,58,1164.81,5387.94
2026-08-27,Legacy_Display,Display_Legacy_Placements,28876.0,231.0,0,531.3,0.0
2026-09-11,Brand_Search,Brand_Core,29685.0,1379.0,76,944.14,9297.51
2026-08-07,Remarketing_Dynamic,Remarketing_All_Visitors,16959.0,423.0,15,405.68,1409.92
2026-07-03,Legacy_Display,Display_Legacy_Placements,39772.0,318.0,0,731.4,0.0
2026-08-25,Remarketing_Dynamic,Remarketing_Cart_Abandon,9887.0,364.0,25,427.27,2109.51
2026-07-09,Brand_Search,Brand_Core,15217.0,724.0,43,488.21,4745.94
2026-07-30,Legacy_Display,Display_Legacy_Placements,32337.0,258.0,0,593.4,0.0
2026-08-14,NonBrand_Prospecting,Prospecting_Generic,37222.0,651.0,15,639.01,1764.57
2026-09-28,Remarketing_Dynamic,Remarketing_Purchasers,33335.0,971.0,44,890.5,6589.3
2026-08-06,NonBrand_Prospecting,Prospecting_Generic,33711.0,707.0,14,830.73,2168.23
2026-09-26,NonBrand_Prospecting,Prospecting_Generic,11907.0,166.0,11,154.67,482.06
2026-07-19,Brand_Search,Brand_Core,6927.0,278.0,9,180.34,1034.39
2026-09-01,Remarketing_Dynamic,Remarketing_Cart_Abandon,11638.0,359.0,19,336.57,3302.71
2026-08-24,Brand_Search,Brand_Core,19859.0,874.0,36,501.12,4515.95
2026-08-20,Remarketing_Dynamic,Remarketing_Purchasers,15567.0,471.0,22,444.55,2361.03
2026-07-20,Brand_Search,Brand_Core,6331.0,297.0,14,191.46,1762.49
2026-08-14,NonBrand_Prospecting,Prospecting_Competitor,35302.0,463.0,8,760.96,1400.85
2026-08-01,NonBrand_Prospecting,Prospecting_Generic,17595.0,387.0,6,492.22,795.38
2026-08-03,NonBrand_Prospecting,Prospecting_Generic,9487.0,163.0,6,1518.826354538173,1071.03
2026-07-01,NonBrand_Prospecting,Prospecting_Competitor,3197.0,27.0,1,43.27,98.58
2026-08-16,Remarketing_Dynamic,Remarketing_Purchasers,13075.0,479.0,17,489.41,1458.51
2026-07-06,NonBrand_Prospecting,Prospecting_Competitor,20738.0,222.0,2,353.98,145.57
2026-09-08,Brand_Search,Brand_Expanded,35333.0,1290.0,53,875.57,7325.21
2026-08-28,Legacy_Display,Display_Legacy_Placements,40299.0,322.0,0,740.6,0.0
2026-07-23,Remarketing_Dynamic,Remarketing_Cart_Abandon,30583.0,1120.0,58,1095.14,5680.64
2026-07-28,Legacy_Display,Display_Legacy_Placements,25057.0,200.0,0,460.0,0.0
2026-07-17,Legacy_Display,Display_Legacy_Placements,21461.0,171.0,0,393.3,0.0
2026-07-28,Brand_Search,Brand_Expanded,26449.0,964.0,47,297.88,4262.08
2026-09-14,Remarketing_Dynamic,Remarketing_All_Visitors,35834.0,1013.0,28,872.69,3701.16
2026-07-12,Brand_Search,Brand_Core,13668.0,630.0,35,417.77,4579.9
2026-09-21,Remarketing_Dynamic,Remarketing_All_Visitors,12427.0,379.0,15,334.72,1971.76
2026-08-17,Remarketing_Dynamic,Remarketing_Cart_Abandon,37695.0,1322.0,78,1505.62,8986.51
2026-09-06,Legacy_Display,Display_Legacy_Placements,29168.0,233.0,0,535.9,0.0
2026-07-05,Remarketing_Dynamic,Remarketing_Purchasers,5832.0,178.0,10,182.96,278.09
2026-07-22,NonBrand_Prospecting,Prospecting_Generic,15436.0,325.0,7,305.73,1129.76
2026-07-22,Brand_Search,Brand_Core,14155.0,580.0,32,371.19,3396.82
2026-08-16,Legacy_Display,Display_Legacy_Placements,27154.0,217.0,0,499.1,0.0
2026-08-26,Legacy_Display,Display_Legacy_Placements,24501.0,196.0,0,450.8,0.0
2026-09-07,NonBrand_Prospecting,Prospecting_Competitor,37301.0,597.0,8,852.85,713.46
2026-07-26,Remarketing_Dynamic,Remarketing_Purchasers,9370.0,355.0,16,338.9,2640.77
2026-07-06,Remarketing_Dynamic,Remarketing_Purchasers,28602.0,825.0,33,763.39,4137.1
2026-08-30,NonBrand_Prospecting,Prospecting_Competitor,14228.0,169.0,4,247.09,372.75
2026-07-22,Remarketing_Dynamic,Remarketing_Purchasers,33205.0,1014.0,50,1087.86,7932.1
2026-09-08,Remarketing_Dynamic,Remarketing_Purchasers,33936.0,851.0,35,804.15,2556.62
2026-07-29,NonBrand_Prospecting,Prospecting_Generic,11387.0,216.0,3,232.51,654.39
2026-09-22,Remarketing_Dynamic,Remarketing_Cart_Abandon,25359.0,694.0,37,795.75,4837.77
2026-08-07,NonBrand_Prospecting,Prospecting_Competitor,14705.0,210.0,2,357.92,246.99
2026-08-17,NonBrand_Prospecting,Prospecting_Generic,35047.0,780.0,28,825.85,2647.24
2026-09-19,Remarketing_Dynamic,Remarketing_All_Visitors,24143.0,777.0,30,,3081.82
2026-08-21,Remarketing_Dynamic,Remarketing_Cart_Abandon,34193.0,1187.0,55,1492.86,7125.29
2026-09-30,Brand_Search,Brand_Core,6393.0,282.0,12,178.47,1501.54
2026-08-19,NonBrand_Prospecting,Prospecting_Competitor,6270.0,100.0,3,142.24,283.05
2026-07-24,Remarketing_Dynamic,Remarketing_Cart_Abandon,11927.0,362.0,19,355.62,1727.2
2026-07-23,Remarketing_Dynamic,Remarketing_All_Visitors,10001.0,252.0,7,192.38,829.82
2026-08-26,Brand_Search,Brand_Expanded,37516.0,1434.0,60,556.41,9094.36
2026-09-20,Brand_Search,Brand_Core,19365.0,692.0,31,418.96,3777.3
2026-07-28,NonBrand_Prospecting,Prospecting_Generic,14897.0,333.0,4,368.93,545.1
2026-08-24,Legacy_Display,Display_Legacy_Placements,37442.0,299.0,0,687.7,0.0
2026-07-11,Brand_Search,Brand_Core,36229.0,1756.0,79,1092.86,9943.05
2026-08-14,Remarketing_Dynamic,Remarketing_All_Visitors,10405.0,313.0,16,273.71,1237.57
2026-07-17,Brand_Search,Brand_Core,36953.0,1764.0,97,983.03,9766.47
2026-07-13,Remarketing_Dynamic,Remarketing_All_Visitors,14326.0,345.0,8,287.17,1003.77
2026-09-03,Remarketing_Dynamic,Remarketing_Cart_Abandon,12398.0,397.0,21,,2515.13
2026-08-06,NonBrand_Prospecting,Prospecting_Competitor,39115.0,486.0,3,788.84,225.39
2026-09-09,Remarketing_Dynamic,Remarketing_Purchasers,3496.0,112.0,6,103.8,558.64
2026-08-14,Remarketing_Dynamic,Remarketing_Purchasers,21670.0,631.0,34,625.31,3000.97
2026-07-06,Brand_Search,Brand_Core,33622.0,1492.0,66,831.29,7696.18
2026-07-08,Brand_Search,Brand_Core,4620.0,219.0,6,156.12,894.16
2026-07-27,NonBrand_Prospecting,Prospecting_Generic,17602.0,491.0,12,526.76,2024.27
2026-08-04,Brand_Search,Brand_Expanded,31845.0,1062.0,40,378.41,6459.45
2026-08-14,Brand_Search,Brand_Core,19051.0,894.0,41,493.12,5623.68
2026-09-21,NonBrand_Prospecting,Prospecting_Competitor,29305.0,532.0,9,903.31,1042.95
2026-07-10,Remarketing_Dynamic,Remarketing_Purchasers,35503.0,681.0,32,604.63,5416.48
2026-09-16,Brand_Search,Brand_Core,37637.0,1822.0,78,1246.58,5343.98
2026-07-18,Remarketing_Dynamic,Remarketing_All_Visitors,21023.0,654.0,18,483.92,2295.16
2026-09-06,Brand_Search,Brand_Core,28707.0,1375.0,77,608.84,8129.08
2026-08-13,Legacy_Display,Display_Legacy_Placements,33459.0,267.0,0,614.1,0.0
2026-08-27,NonBrand_Prospecting,Prospecting_Generic,16689.0,489.0,12,527.98,1283.97
2026-09-19,Remarketing_Dynamic,Remarketing_Cart_Abandon,32081.0,1153.0,75,1315.48,11238.65
2026-09-18,Brand_Search,Brand_Core,26571.0,1334.0,62,586.66,8843.64
2026-07-12,Remarketing_Dynamic,Remarketing_All_Visitors,3318.0,112.0,1,93.07,167.91
2026-07-29,Remarketing_Dynamic,Remarketing_All_Visitors,38757.0,1096.0,39,994.2,4056.09
2026-09-10,Legacy_Display,Display_Legacy_Placements,40001.0,320.0,1,736.0,153.88
2026-07-13,Remarketing_Dynamic,Remarketing_Purchasers,3765.0,114.0,3,105.39,454.0
2026-09-11,Remarketing_Dynamic,Remarketing_Cart_Abandon,27966.0,812.0,45,730.96,2898.72
2026-08-10,Remarketing_Dynamic,Remarketing_Purchasers,13522.0,456.0,20,417.93,2367.55
2026-09-25,Brand_Search,Brand_Expanded,30373.0,876.0,40,515.94,3926.91
2026-08-22,Brand_Search,Brand_Core,20590.0,954.0,44,737.32,4419.26
2026-09-22,Legacy_Display,Display_Legacy_Placements,33503.0,268.0,1,616.4,146.99
2026-08-02,Brand_Search,Brand_Core,14680.0,632.0,35,375.8,4167.08
2026-09-12,Brand_Search,Brand_Core,6245.0,307.0,19,191.35,2068.75
2026-09-14,Brand_Search,Brand_Core,16475.0,671.0,38,394.21,4537.48
2026-09-26,Brand_Search,Brand_Expanded,13953.0,576.0,16,280.96,2938.4
2026-08-15,Brand_Search,Brand_Core,7578.0,357.0,20,261.95,2625.44
2026-07-09,Remarketing_Dynamic,Remarketing_Purchasers,35278.0,1117.0,51,1153.38,5963.04
2026-09-20,Remarketing_Dynamic,Remarketing_Cart_Abandon,25815.0,,50,820.95,4983.69
2026-09-28,Remarketing_Dynamic,Remarketing_Cart_Abandon,7295.0,229.0,16,280.38,1316.65
2026-09-05,Brand_Search,Brand_Expanded,9747.0,312.0,10,132.59,1171.76
2026-09-06,Remarketing_Dynamic,Remarketing_Cart_Abandon,32889.0,983.0,59,1294.78,7612.26
2026-07-15,Remarketing_Dynamic,Remarketing_All_Visitors,20310.0,472.0,17,298.0,1491.54
2026-07-16,NonBrand_Prospecting,Prospecting_Generic,28951.0,757.0,18,922.6,1974.49
2026-09-02,NonBrand_Prospecting,Prospecting_Competitor,9025.0,154.0,0,243.38,0.0
2026-07-02,NonBrand_Prospecting,Prospecting_Generic,19078.0,545.0,14,616.37,1325.88
2026-07-15,Brand_Search,Brand_Core,23918.0,1144.0,50,777.16,4668.91
2026-07-21,Remarketing_Dynamic,Remarketing_Purchasers,24144.0,617.0,26,590.19,3236.01
2026-09-25,Remarketing_Dynamic,Remarketing_Cart_Abandon,16842.0,370.0,25,387.06,3269.78
2026-08-28,Remarketing_Dynamic,Remarketing_All_Visitors,5440.0,137.0,4,137.51,429.25
2026-09-14,Remarketing_Dynamic,Remarketing_Purchasers,13353.0,550.0,24,502.33,2128.38
2026-08-16,Brand_Search,Brand_Expanded,9334.0,382.0,24,192.57,2796.34
2026-07-30,Remarketing_Dynamic,Remarketing_All_Visitors,37162.0,1162.0,36,1290.24,4584.36
2026-07-04,NonBrand_Prospecting,Prospecting_Generic,12367.0,91.0,2,84.42,141.64
2026-08-23,Remarketing_Dynamic,Remarketing_All_Visitors,18857.0,383.0,10,365.32,703.39
2026-08-25,Remarketing_Dynamic,Remarketing_All_Visitors,17672.0,480.0,18,447.7,2364.1
2026-09-22,NonBrand_Prospecting,Prospecting_Competitor,18876.0,289.0,3,439.45,426.25
2026-07-08,Remarketing_Dynamic,Remarketing_Purchasers,25941.0,804.0,37,778.08,4934.98
2026-08-11,Legacy_Display,Display_Legacy_Placements,24508.0,196.0,1,450.8,130.83
2026-07-05,Brand_Search,Brand_Core,34756.0,1557.0,74,905.42,9259.52
2026-08-31,Remarketing_Dynamic,Remarketing_All_Visitors,,1013.0,33,920.68,3007.15
2026-09-10,Brand_Search,Brand_Core,20241.0,743.0,29,401.88,4228.74
2026-09-28,Brand_Search,Brand_Expanded,34319.0,1336.0,63,889.44,9113.46
2026-08-04,Brand_Search,Brand_Core,8226.0,440.0,27,227.86,2460.27
2026-09-20,Brand_Search,Brand_Expanded,10477.0,378.0,15,169.8,2860.12
2026-09-03,NonBrand_Prospecting,Prospecting_Competitor,37956.0,269.0,1,423.36,114.01
2026-07-27,NonBrand_Prospecting,Prospecting_Competitor,,451.0,12,848.31,1455.64
2026-07-13,NonBrand_Prospecting,Prospecting_Generic,9009.0,138.0,2,137.38,240.53
2026-07-30,Remarketing_Dynamic,Remarketing_Purchasers,15210.0,425.0,25,441.55,4159.42
2026-09-18,NonBrand_Prospecting,Prospecting_Competitor,27188.0,409.0,4,649.42,596.25
2026-08-02,NonBrand_Prospecting,Prospecting_Competitor,28242.0,371.0,9,618.25,824.12
2026-09-18,Remarketing_Dynamic,Remarketing_Purchasers,32758.0,1037.0,43,1041.78,4368.53
2026-09-11,Brand_Search,Brand_Expanded,20345.0,619.0,20,310.66,1757.46
2026-08-22,Remarketing_Dynamic,Remarketing_All_Visitors,9840.0,237.0,18,231.46,2131.3
2026-09-23,Legacy_Display,Display_Legacy_Placements,36793.0,294.0,0,676.2,0.0
2026-09-04,NonBrand_Prospecting,Prospecting_Generic,38843.0,911.0,23,1052.76,2505.08
2026-08-26,Remarketing_Dynamic,Remarketing_All_Visitors,14166.0,362.0,12,293.5,2126.86
2026-09-05,Remarketing_Dynamic,Remarketing_Purchasers,32719.0,891.0,37,853.55,3664.94
2026-07-26,NonBrand_Prospecting,Prospecting_Competitor,28489.0,435.0,5,644.84,605.68
2026-09-22,Brand_Search,Brand_Expanded,12340.0,446.0,18,300.82,2367.54
2026-08-09,Brand_Search,Brand_Expanded,36866.0,1376.0,54,800.75,12075.56
2026-09-23,Brand_Search,Brand_Core,3539.0,166.0,2,95.19,273.12
2026-09-09,Brand_Search,Brand_Core,20609.0,952.0,54,578.06,8274.44
2026-09-21,Remarketing_Dynamic,Remarketing_Cart_Abandon,23361.0,852.0,60,910.43,5960.79
2026-07-21,Legacy_Display,Display_Legacy_Placements,,227.0,0,522.1,0.0
2026-08-29,NonBrand_Prospecting,Prospecting_Competitor,34802.0,466.0,6,750.9,784.52
2026-08-08,Remarketing_Dynamic,Remarketing_All_Visitors,31057.0,801.0,27,779.52,4241.16
2026-09-24,Remarketing_Dynamic,Remarketing_Purchasers,27542.0,734.0,26,708.98,2523.23
2026-08-03,Legacy_Display,Display_Legacy_Placements,21795.0,174.0,0,400.2,0.0
2026-08-07,NonBrand_Prospecting,Prospecting_Generic,20615.0,352.0,5,354.59,705.7
2026-09-18,Brand_Search,Brand_Expanded,9026.0,263.0,15,143.11,1835.65
2026-07-31,Brand_Search,Brand_Core,8957.0,326.0,14,204.33,1718.71
2026-07-04,Remarketing_Dynamic,Remarketing_Cart_Abandon,15175.0,493.0,31,608.47,4544.75
2026-09-16,Legacy_Display,Display_Legacy_Placements,20726.0,165.0,0,379.5,0.0
2026-08-22,Brand_Search,Brand_Expanded,23392.0,723.0,26,390.7,2585.51
2026-08-28,Brand_Search,Brand_Core,13444.0,545.0,32,391.92,3749.76
2026-08-24,Remarketing_Dynamic,Remarketing_Cart_Abandon,17647.0,504.0,45,540.76,6802.99
2026-09-13,Brand_Search,Brand_Core,32423.0,1439.0,62,841.45,9348.71
2026-07-12,Remarketing_Dynamic,Remarketing_Cart_Abandon,24822.0,694.0,43,764.1,5105.92
2026-07-25,Brand_Search,Brand_Expanded,17485.0,674.0,26,420.54,3907.85
2026-08-26,Remarketing_Dynamic,Remarketing_Purchasers,6242.0,208.0,15,222.39,3029.08
2026-09-14,NonBrand_Prospecting,Prospecting_Generic,24939.0,489.0,16,521.98,1831.63
2026-09-14,Legacy_Display,Display_Legacy_Placements,29821.0,238.0,0,547.4,0.0
2026-09-02,Remarketing_Dynamic,Remarketing_Cart_Abandon,5315.0,186.0,7,231.98,525.23
2026-07-10,Remarketing_Dynamic,Remarketing_Cart_Abandon,22735.0,874.0,56,938.97,7374.03
2026-09-17,Legacy_Display,Display_Legacy_Placements,30884.0,247.0,0,568.1,0.0
2026-07-22,Remarketing_Dynamic,Remarketing_All_Visitors,22959.0,583.0,23,529.87,1886.05
2026-09-04,Brand_Search,Brand_Expanded,28644.0,1031.0,42,571.61,3749.43
2026-09-24,Brand_Search,Brand_Core,36693.0,1460.0,83,659.6,5566.11
2026-08-07,Brand_Search,Brand_Expanded,29552.0,1017.0,42,,5424.71
2026-07-17,NonBrand_Prospecting,Prospecting_Generic,23145.0,460.0,13,505.94,1573.33
2026-07-23,Brand_Search,Brand_Expanded,14284.0,440.0,18,187.24,2563.3
2026-09-30,Remarketing_Dynamic,Remarketing_Purchasers,27437.0,803.0,37,700.64,3942.65
2026-08-12,NonBrand_Prospecting,Prospecting_Competitor,34996.0,307.0,5,505.11,685.26
2026-07-25,Brand_Search,Brand_Core,29699.0,1364.0,78,737.36,7664.5
2026-08-29,NonBrand_Prospecting,Prospecting_Generic,28534.0,712.0,17,649.49,1103.38
2026-07-07,Remarketing_Dynamic,Remarketing_All_Visitors,36989.0,993.0,32,884.26,4533.38
2026-08-10,Brand_Search,Brand_Core,13378.0,636.0,32,356.5,4693.84
2026-09-01,Remarketing_Dynamic,Remarketing_Purchasers,4003.0,116.0,5,132.42,875.93
2026-07-14,Brand_Search,Brand_Core,19979.0,976.0,55,421.35,4054.9
2026-09-03,Remarketing_Dynamic,Remarketing_All_Visitors,33609.0,1114.0,39,854.79,4636.52
2026-09-07,NonBrand_Prospecting,Prospecting_Generic,6210.0,148.0,5,135.11,529.98
2026-09-22,Remarketing_Dynamic,Remarketing_Purchasers,38258.0,1121.0,45,878.91,4272.24
2026-07-11,Remarketing_Dynamic,Remarketing_Cart_Abandon,9263.0,329.0,18,319.68,2276.48
2026-08-20,NonBrand_Prospecting,Prospecting_Competitor,32635.0,452.0,5,696.71,622.74
2026-08-28,Remarketing_Dynamic,Remarketing_Purchasers,29725.0,919.0,36,749.35,3125.54
2026-08-03,Brand_Search,Brand_Core,7017.0,343.0,13,1420.8439930422592,997.06
2026-09-23,NonBrand_Prospecting,Prospecting_Competitor,8762.0,141.0,1,232.44,73.36
2026-09-27,Remarketing_Dynamic,Remarketing_Cart_Abandon,,638.0,38,731.22,5462.31
2026-08-15,Remarketing_Dynamic,Remarketing_Cart_Abandon,38268.0,1350.0,85,-1251.52,12634.3
2026-08-31,NonBrand_Prospecting,Prospecting_Competitor,29519.0,533.0,10,787.52,523.45
2026-08-03,Remarketing_Dynamic,Remarketing_Cart_Abandon,11513.0,427.0,24,446.07,3453.8
2026-07-16,Remarketing_Dynamic,Remarketing_Cart_Abandon,9239.0,347.0,21,364.28,2116.16
2026-08-12,Brand_Search,Brand_Core,38864.0,1741.0,89,897.79,11745.61
2026-08-04,NonBrand_Prospecting,Prospecting_Generic,22629.0,393.0,11,357.31,1099.44
2026-07-20,Remarketing_Dynamic,Remarketing_All_Visitors,6586.0,185.0,12,155.65,1272.81
2026-09-08,Remarketing_Dynamic,Remarketing_All_Visitors,6445.0,162.0,2,113.63,241.16
2026-09-01,Remarketing_Dynamic,Remarketing_All_Visitors,23703.0,800.0,23,667.49,2989.87
2026-07-01,Brand_Search,Brand_Expanded,22889.0,770.0,24,509.32,2319.75
2026-09-24,Legacy_Display,Display_Legacy_Placements,24453.0,195.0,1,448.5,118.57
2026-07-23,Brand_Search,Brand_Core,31276.0,1362.0,67,917.65,9220.39
2026-09-16,Remarketing_Dynamic,Remarketing_All_Visitors,6822.0,175.0,9,142.26,1746.68
2026-09-16,Remarketing_Dynamic,Remarketing_Cart_Abandon,6894.0,212.0,14,223.47,2201.99
2026-08-27,Remarketing_Dynamic,Remarketing_Purchasers,12030.0,354.0,21,330.23,2892.26
2026-07-26,Remarketing_Dynamic,Remarketing_Cart_Abandon,23831.0,714.0,48,554.1,3782.81
2026-08-21,Legacy_Display,Display_Legacy_Placements,31319.0,250.0,1,575.0,137.26
2026-09-16,NonBrand_Prospecting,Prospecting_Generic,31925.0,930.0,21,1056.23,1837.89
2026-09-10,Remarketing_Dynamic,Remarketing_Cart_Abandon,14097.0,467.0,24,526.63,3076.08
2026-09-30,Remarketing_Dynamic,Remarketing_All_Visitors,6857.0,168.0,3,144.63,286.47
2026-07-19,Remarketing_Dynamic,Remarketing_All_Visitors,34000.0,903.0,21,547.29,2561.57
2026-09-09,Legacy_Display,Display_Legacy_Placements,30610.0,244.0,2,561.2,254.83
2026-08-16,NonBrand_Prospecting,Prospecting_Competitor,38889.0,315.0,7,491.29,1161.0
2026-09-22,NonBrand_Prospecting,Prospecting_Generic,31140.0,725.0,16,810.46,1805.04
2026-08-15,Brand_Search,Brand_Expanded,35349.0,1414.0,63,703.98,11329.47
2026-09-26,Legacy_Display,Display_Legacy_Placements,24661.0,197.0,0,453.1,0.0
2026-09-14,Remarketing_Dynamic,Remarketing_Cart_Abandon,38508.0,1182.0,72,1378.63,8685.79
2026-08-19,Remarketing_Dynamic,Remarketing_All_Visitors,11604.0,307.0,11,196.5,861.13
2026-09-30,NonBrand_Prospecting,Prospecting_Competitor,5478.0,70.0,1,98.11,116.03
2026-08-25,Brand_Search,Brand_Core,7273.0,341.0,16,239.13,2119.33
2026-07-18,Brand_Search,Brand_Core,13862.0,606.0,24,391.28,3336.99
2026-09-08,NonBrand_Prospecting,Prospecting_Competitor,39787.0,675.0,8,1141.51,779.83
2026-07-28,Remarketing_Dynamic,Remarketing_Cart_Abandon,31653.0,1007.0,67,1044.05,3713.74
2026-08-02,Remarketing_Dynamic,Remarketing_All_Visitors,14734.0,403.0,15,294.64,2442.75
2026-07-04,Remarketing_Dynamic,Remarketing_All_Visitors,13658.0,355.0,9,270.15,1164.39
2026-09-13,Remarketing_Dynamic,Remarketing_Cart_Abandon,37716.0,1048.0,68,1078.76,9312.01
2026-09-01,NonBrand_Prospecting,Prospecting_Generic,17382.0,421.0,6,408.71,407.26
2026-08-14,Legacy_Display,Display_Legacy_Placements,39936.0,319.0,0,733.7,0.0
2026-07-01,Remarketing_Dynamic,Remarketing_Purchasers,16770.0,540.0,30,481.52,3886.63
2026-08-09,Remarketing_Dynamic,Remarketing_Cart_Abandon,18158.0,689.0,51,770.83,7046.45
2026-07-26,Legacy_Display,Display_Legacy_Placements,33047.0,264.0,0,607.2,0.0
2026-07-13,Brand_Search,Brand_Core,23558.0,999.0,40,571.91,3172.08
2026-09-19,Brand_Search,Brand_Core,14669.0,685.0,39,446.91,7343.55
